Обязанность,Частота,Количество,307
a/b-тестирование,30,1,
кластеризация,32,1,
кастомизация,32,1,
делопроизводство,35,1,
монетизация,36,1,
иллюстрация,36,1,
формулирование,39,1,
привлекать,39,1,
b2c,43,1,
электроника,45,1,
кадр,45,1,
сверка,45,1,
ретушь,46,1,
звонить,46,1,
развозка,47,1,
извлечение,47,1,
инициирование,48,1,
интерпретация,48,1,
инфографик,49,1,
прототипирование,49,1,
удержание,50,1,
профилирование,53,1,
редактирование,53,1,
аппаратура,53,1,
ethernet,53,1,
отработка,53,1,
отрисовка,54,1,
software,56,1,
касса,56,1,
фото,57,1,
камера,57,1,
рейтинг,57,1,
резервирование,61,1,
упп,63,1,
заполнение,65,1,
оповещение,65,1,
правка,65,1,
асинхронный,69,1,
аппарат,69,1,
юрист,69,1,
транзакция,71,1,
публикация,71,1,
выпускать,72,1,
наладка,73,1,
консалтинг,73,1,
адаптировать,74,1,
административный,74,1,
наём,75,1,
совершенствовать,76,1,
аттестация,77,1,
информирование,79,1,
покупка,81,1,
дорабатывать,83,1,
терминал,83,1,
выступление,83,1,
отгрузка,84,1,
конверсия,84,1,
специализировать,85,1,
обнаружение,86,1,
изображение,87,1,
перевод,87,1,
регрессионный,88,1,
анимация,89,1,
выгрузка,89,1,
отбор,93,1,
3d,94,1,
акция,94,1,
ценообразование,94,1,
диаграмма,94,1,
выступать,98,1,
эксперимент,98,1,
покупатель,99,1,
драйвер,101,1,
кредитный,102,1,
инвентаризация,102,1,
классификация,102,1,
структурирование,103,1,
надзор,103,1,
реклама,103,1,
построить,103,1,
дашборд,103,1,
ориентировать,106,1,
читать,107,1,
лаборатория,108,1,
витрина,109,1,
стенд,110,1,
демонстрация,112,1,
frontend,114,1,
модификация,115,1,
зрение,115,1,
цифровизация,116,1,
статистика,120,1,
регламентировать,121,1,
прототип,125,1,
игровой,125,1,
интегрировать,125,1,
ядро,127,1,
прогнозирование,127,1,
подготавливать,127,1,
клиент-серверный,128,1,
каталог,128,1,
логирование,132,1,
охрана,134,1,
контрагент,136,1,
сертификация,136,1,
b2b,137,1,
трафик,137,1,
контейнеризация,141,1,
портфель,143,1,
выпуск,144,1,
следить,144,1,
конфигурирование,145,1,
отказоустойчивость,147,1,
микросервис,147,1,
цена,148,1,
вёрстка,151,1,
дашбордовый,152,1,
юридический,153,1,
брокер,155,1,
маркетплейс,155,1,
виртуальный,158,1,
маршрутизация,158,1,
принтер,159,1,
телефон,164,1,
основать,167,1,
командировка,169,1,
генерация,170,1,
звонок,171,1,
расследование,171,1,
привлечение,172,1,
масштабирование,175,1,
расход,176,1,
трансформация,177,1,
служебный,177,1,
ai,179,1,
контент,179,1,
рефакторинг,182,1,
бухгалтерский,182,1,
выстраивание,184,1,
экономика,185,1,
расширение,186,1,
вычислительный,186,1,
экономический,187,1,
процессы,189,1,
продвижение,191,1,
лог,193,1,
бюрократия,196,1,
интернет,196,1,
бухгалтерия,198,1,
деловой,198,1,
финансы,198,1,
рекламный,199,1,
письмо,201,1,
code-review,201,1,
интервью,203,1,
backend,204,1,
сбой,206,1,
регистрация,207,1,
графический,212,1,
devops,214,1,
таблица,216,1,
выстраивать,234,1,
корректировка,236,1,
хранилище,239,1,
скрипт,240,1,
загрузка,240,1,
реагирование,240,1,
аппаратный,241,1,
неисправность,245,1,
монтаж,249,1,
виртуализация,250,1,
подключение,252,1,
развёртывание,253,1,
confluence,256,1,
распределение,258,1,
поставка,260,1,
торговый,264,1,
облачный,268,1,
ux/ui,268,1,
методика,270,1,
строить,271,1,
сборка,271,1,
заказ,271,1,
crm,276,1,
визуализация,277,1,
отладка,277,1,
доставка,282,1,
распределённый,284,1,
спецификация,297,1,
канал,299,1,
гипотеза,300,1,
стратегический,301,1,
проработка,302,1,
копирование,308,1,
оператор,317,1,
закупка,318,1,
приёмка,319,1,
банковский,324,1,
модернизация,335,1,
персонал,336,1,
хранение,345,1,
товар,356,1,
сайт,357,1,
высоконагруженный,360,1,
актуализация,363,1,
инновационный,370,1,
нормативный,381,1,
формировать,388,1,
собеседование,390,1,
подбор,398,1,
ремонт,418,1,
определение,420,1,
программирование,421,1,
подрядчик,428,1,
серверный,439,1,
данные,444,1,
устройство,445,1,
интерфейс,448,1,
бюджет,467,1,
предоставление,468,1,
расчёт,468,1,
запуск,501,1,
метрика,516,1,
партнёр,554,1,
методология,556,1,
мобильный,559,1,
пользовательский,561,1,
дизайн,565,1,
аналитика,574,1,
риск,589,1,
сервер,617,1,
операционный,618,1,
презентация,621,1,
оформление,622,1,
технологический,656,1,
коммуникация,685,1,
инцидент,689,1,
установка,700,1,
поддержка,704,1,
инструкция,705,1,
соблюдение,707,1,
доступ,714,1,
коммерческий,733,1,
продажа,754,1,
техника,754,1,
выявление,772,1,
функционал,784,1,
эксплуатация,792,1,
финансовый,793,1,
производство,809,1,
модель,810,1,
доработка,822,1,
код,823,1,
улучшение,824,1,
построение,827,1,
план,840,1,
устранение,884,1,
сбор,938,1,
оценка,952,1,
приложение,957,1,
обслуживание,957,1,
помощь,959,1,
написание,974,1,
инфраструктура,975,1,
запрос,977,1,
сетевой,989,1,
связь,1026,1,
администрирование,1026,1,
учёт,1038,1,
планирование,1097,1,
бизнес,1105,1,
обработка,1110,1,
отчёт,1110,1,
системный,1179,1,
поиск,1217,1,
сеть,1220,1,
платформа,1230,1,
формирование,1284,1,
архитектура,1296,1,
заказчик,1300,1,
безопасность,1309,1,
интеграция,1343,1,
программа,1379,1,
обучение,1448,1,
автоматизация,1489,1,
технология,1553,1,
клиент,1554,1,
тестирование,1580,1,
оптимизация,1618,1,
сервис,1625,1,
сопровождение,1683,1,
оборудование,1695,1,
проектирование,1713,1,
настройка,1814,1,
проведение,1825,1,
выполнение,1838,1,
реализация,2022,1,
пользователь,2088,1,
документация,2186,1,
внедрение,2268,1,
создание,2272,1,
продукт,2338,1,
обеспечение,2755,1,
контроль,2979,1,
анализ,2993,1,
управление,3090,1,
разработка,5535,1,